c3e781,127.0.0.1,GET,http://localhost/AP/Agora/public/profile/,1772533869,,200,request
512468,127.0.0.1,GET,http://localhost/AP/Agora/public/assets/lib/fullcalendar/bootstrap-fullcalendar.css,1772533870,3328a9,404,request
3328a9,127.0.0.1,GET,http://localhost/AP/Agora/public/assets/lib/fullcalendar/bootstrap-fullcalendar.css,1772533870,,404,request
e57d6f,127.0.0.1,GET,http://localhost/AP/Agora/public/assets/libAgora/sha512.js,1772533870,88d3f2,404,request
c73798,127.0.0.1,GET,http://localhost/AP/Agora/public/assets/lib/fullcalendar/fullcalendar.min.js,1772533870,c04ae1,404,request
2a55e7,127.0.0.1,GET,http://localhost/AP/Agora/public/assets/lib/jquery-ui-1.9.2.custom.min.js,1772533870,6ad1de,404,request
88d3f2,127.0.0.1,GET,http://localhost/AP/Agora/public/assets/libAgora/sha512.js,1772533870,,404,request
c04ae1,127.0.0.1,GET,http://localhost/AP/Agora/public/assets/lib/fullcalendar/fullcalendar.min.js,1772533870,,404,request
6ad1de,127.0.0.1,GET,http://localhost/AP/Agora/public/assets/lib/jquery-ui-1.9.2.custom.min.js,1772533870,,404,request
d2ee68,127.0.0.1,GET,http://localhost/AP/Agora/public/assets/lib/calendar-conf-events.js,1772533870,b1e00d,404,request
b1e00d,127.0.0.1,GET,http://localhost/AP/Agora/public/assets/lib/calendar-conf-events.js,1772533870,,404,request
67473f,127.0.0.1,GET,http://localhost/AP/Agora/public/assets/lib/jquery-ui-1.9.2.custom.min.js,1772533870,bff3c4,404,request
bff3c4,127.0.0.1,GET,http://localhost/AP/Agora/public/assets/lib/jquery-ui-1.9.2.custom.min.js,1772533870,,404,request
276894,127.0.0.1,GET,http://localhost/AP/Agora/public/assets/lib/fullcalendar/fullcalendar.min.js,1772533870,e931d2,404,request
e931d2,127.0.0.1,GET,http://localhost/AP/Agora/public/assets/lib/fullcalendar/fullcalendar.min.js,1772533870,,404,request
aa8603,127.0.0.1,GET,http://localhost/AP/Agora/public/assets/lib/calendar-conf-events.js,1772533870,68c95f,404,request
68c95f,127.0.0.1,GET,http://localhost/AP/Agora/public/assets/lib/calendar-conf-events.js,1772533870,,404,request
783d61,127.0.0.1,GET,http://localhost/AP/Agora/public/assets/libAgora/sha512.js,1772533871,f547f7,404,request
f547f7,127.0.0.1,GET,http://localhost/AP/Agora/public/assets/libAgora/sha512.js,1772533871,,404,request
e66df4,127.0.0.1,GET,http://localhost/AP/Agora/public/profile/,1772533879,,200,request
0d91a9,127.0.0.1,GET,http://localhost/AP/Agora/public/assets/lib/fullcalendar/fullcalendar.min.js,1772533880,4c62c3,404,request
cbae04,127.0.0.1,GET,http://localhost/AP/Agora/public/assets/lib/fullcalendar/bootstrap-fullcalendar.css,1772533880,f8e456,404,request
4c62c3,127.0.0.1,GET,http://localhost/AP/Agora/public/assets/lib/fullcalendar/fullcalendar.min.js,1772533880,,404,request
f8e456,127.0.0.1,GET,http://localhost/AP/Agora/public/assets/lib/fullcalendar/bootstrap-fullcalendar.css,1772533880,,404,request
7f2b0a,127.0.0.1,GET,http://localhost/AP/Agora/public/assets/lib/jquery-ui-1.9.2.custom.min.js,1772533880,45c494,404,request
45c494,127.0.0.1,GET,http://localhost/AP/Agora/public/assets/lib/jquery-ui-1.9.2.custom.min.js,1772533880,,404,request
fd538b,127.0.0.1,GET,http://localhost/AP/Agora/public/assets/lib/calendar-conf-events.js,1772533880,c6282a,404,request
c6282a,127.0.0.1,GET,http://localhost/AP/Agora/public/assets/lib/calendar-conf-events.js,1772533880,,404,request
28d2da,127.0.0.1,GET,http://localhost/AP/Agora/public/assets/libAgora/sha512.js,1772533880,0b7f04,404,request
0b7f04,127.0.0.1,GET,http://localhost/AP/Agora/public/assets/libAgora/sha512.js,1772533880,,404,request
4252b9,127.0.0.1,GET,http://localhost/AP/Agora/public/assets/lib/jquery-ui-1.9.2.custom.min.js,1772533880,3620d8,404,request
3620d8,127.0.0.1,GET,http://localhost/AP/Agora/public/assets/lib/jquery-ui-1.9.2.custom.min.js,1772533880,,404,request
8c5a08,127.0.0.1,GET,http://localhost/AP/Agora/public/assets/lib/fullcalendar/fullcalendar.min.js,1772533881,634af1,404,request
634af1,127.0.0.1,GET,http://localhost/AP/Agora/public/assets/lib/fullcalendar/fullcalendar.min.js,1772533881,,404,request
a11b12,127.0.0.1,GET,http://localhost/AP/Agora/public/assets/lib/calendar-conf-events.js,1772533881,8c6f2a,404,request
8c6f2a,127.0.0.1,GET,http://localhost/AP/Agora/public/assets/lib/calendar-conf-events.js,1772533881,,404,request
55b4e6,127.0.0.1,GET,http://localhost/AP/Agora/public/assets/libAgora/sha512.js,1772533881,0252d3,404,request
0252d3,127.0.0.1,GET,http://localhost/AP/Agora/public/assets/libAgora/sha512.js,1772533881,,404,request
162ca3,127.0.0.1,GET,http://localhost/AP/Agora/public/profile/,1772533896,,200,request
125e9e,127.0.0.1,GET,http://localhost/AP/Agora/public/assets/libAgora/sha512.js,1772533897,ade409,404,request
ade409,127.0.0.1,GET,http://localhost/AP/Agora/public/assets/libAgora/sha512.js,1772533897,,404,request
6df67f,127.0.0.1,GET,http://localhost/AP/Agora/public/assets/lib/fullcalendar/bootstrap-fullcalendar.css,1772533897,fb7976,404,request
fb7976,127.0.0.1,GET,http://localhost/AP/Agora/public/assets/lib/fullcalendar/bootstrap-fullcalendar.css,1772533897,,404,request
31f8d7,127.0.0.1,GET,http://localhost/AP/Agora/public/assets/lib/fullcalendar/fullcalendar.min.js,1772533897,4a9011,404,request
4a9011,127.0.0.1,GET,http://localhost/AP/Agora/public/assets/lib/fullcalendar/fullcalendar.min.js,1772533897,,404,request
fd2e6d,127.0.0.1,GET,http://localhost/AP/Agora/public/assets/lib/calendar-conf-events.js,1772533897,36b71d,404,request
33cc77,127.0.0.1,GET,http://localhost/AP/Agora/public/assets/lib/jquery-ui-1.9.2.custom.min.js,1772533897,419770,404,request
36b71d,127.0.0.1,GET,http://localhost/AP/Agora/public/assets/lib/calendar-conf-events.js,1772533897,,404,request
419770,127.0.0.1,GET,http://localhost/AP/Agora/public/assets/lib/jquery-ui-1.9.2.custom.min.js,1772533897,,404,request
3d0b72,127.0.0.1,GET,http://localhost/AP/Agora/public/assets/lib/fullcalendar/fullcalendar.min.js,1772533897,f7ee22,404,request
f7ee22,127.0.0.1,GET,http://localhost/AP/Agora/public/assets/lib/fullcalendar/fullcalendar.min.js,1772533897,,404,request
91c645,127.0.0.1,GET,http://localhost/AP/Agora/public/assets/lib/calendar-conf-events.js,1772533897,3d25cc,404,request
3d25cc,127.0.0.1,GET,http://localhost/AP/Agora/public/assets/lib/calendar-conf-events.js,1772533897,,404,request
0f6546,127.0.0.1,GET,http://localhost/AP/Agora/public/assets/libAgora/sha512.js,1772533897,654b0a,404,request
654b0a,127.0.0.1,GET,http://localhost/AP/Agora/public/assets/libAgora/sha512.js,1772533897,,404,request
